{"mean":{"confidence_interval":{"confidence_level":0.95,"lower_bound":62.39168387622563,"upper_bound":63.07618015535563},"point_estimate":62.71764334166901,"standard_error":0.17469173439646787},"median":{"confidence_interval":{"confidence_level":0.95,"lower_bound":62.18549230347767,"upper_bound":62.67356740071763},"point_estimate":62.38644435621305,"standard_error":0.1242391186504144},"median_abs_dev":{"confidence_interval":{"confidence_level":0.95,"lower_bound":0.9167564994662692,"upper_bound":1.4799750154145213},"point_estimate":1.1987338515816597,"standard_error":0.1458457812597445},"slope":{"confidence_interval":{"confidence_level":0.95,"lower_bound":62.16847701895653,"upper_bound":62.648721826000575},"point_estimate":62.40428006786903,"standard_error":0.1223135912177568},"std_dev":{"confidence_interval":{"confidence_level":0.95,"lower_bound":1.2835377575870153,"upper_bound":2.224455972875187},"point_estimate":1.7482693008510966,"standard_error":0.24461560721912518}}