{"mean":{"confidence_interval":{"confidence_level":0.95,"lower_bound":54.37318915386544,"upper_bound":55.24411321660141},"point_estimate":54.78067651373594,"standard_error":0.2231748998055288},"median":{"confidence_interval":{"confidence_level":0.95,"lower_bound":53.8707005732569,"upper_bound":54.68212855710148},"point_estimate":54.312812053300306,"standard_error":0.23291666677633038},"median_abs_dev":{"confidence_interval":{"confidence_level":0.95,"lower_bound":0.9528869867240238,"upper_bound":1.6653173611503658},"point_estimate":1.3624027669347292,"standard_error":0.18489120504308296},"slope":{"confidence_interval":{"confidence_level":0.95,"lower_bound":55.12633499001708,"upper_bound":56.186273148851654},"point_estimate":55.62114345851862,"standard_error":0.2713843019791781},"std_dev":{"confidence_interval":{"confidence_level":0.95,"lower_bound":1.4416064241405626,"upper_bound":2.9785172260916912},"point_estimate":2.240815814366012,"standard_error":0.3956386758629353}}